powerlifter_id,meet_id
1,1
3506,1
3509,1
3516,1
3517,1
3518,1
3519,1
3520,1
3521,1
3522,1
3523,1
3524,1
3525,1
3526,1
3527,1
3528,1
3529,1
3530,1
3531,1
3532,1
3533,1
3534,1
3535,1
3536,1
3537,1
3538,1
3539,1
3540,1
3541,1
3542,1
3543,1
3544,1
3545,1
3546,1
3547,1
3548,1
3549,1
3550,1
3551,1
3552,1
3553,1
3554,1
3555,1
3556,1
3557,1
3558,1
3559,1
3560,1
3561,1
3562,1
3563,1
3564,1
3565,1
3566,1
3567,1
3568,1
3569,1
3570,1
3571,1
3572,1
3573,1
3574,1
3575,1
3576,1
3578,1
3579,1
3580,1
3581,1
3582,1
3583,1
3584,1
3585,1
3586,1
3588,1
3589,1
3590,1
3591,1
3592,1
3593,1
3594,1
3595,1
3596,1
3597,1
3598,1
3599,1
3600,1
3601,1
3602,1
3603,1
3604,1
3605,1
3606,1
3607,1
3608,1
3609,1
3610,1
3611,1
3612,1
3613,1
3614,1
3615,1
3616,1
3617,1
3618,1
3619,1
3620,1
3621,1
3622,1
3623,1
3624,1
3625,1
3626,1
3627,1
3628,1
3629,1
3630,1
3631,1
3632,1
3633,1
3634,1
3635,1
3636,1
3637,1
3638,1
3639,1
3640,1
3641,1
3642,1
3643,1
3644,1
3645,1
3646,1
3647,1
3648,1
3649,1
3650,1
3651,1
3652,1
3653,1
3654,1
3656,1
3657,1
3658,1
3659,1
3666,1
3668,1
3669,1
3670,1
3671,1
3672,1
3673,1
1,4
3522,4
3526,4
3536,4
3540,4
3583,4
3614,4
3671,4
3766,4
3972,4
4050,4
4051,4
4054,4
4055,4
4057,4
4063,4
4065,4
4502,4
1,7
4502,7
1,8
1,14
1,15
2,2
3,2
3532,2
3553,2
3557,2
3561,2
3575,2
3578,2
3583,2
3585,2
3588,2
3598,2
3599,2
3602,2
3605,2
3611,2
3614,2
3616,2
3619,2
3625,2
3633,2
3635,2
3638,2
3639,2
3647,2
3653,2
3656,2
3657,2
3658,2
3659,2
3666,2
3669,2
3672,2
3673,2
3676,2
3679,2
3681,2
3682,2
3683,2
3684,2
3685,2
3687,2
3688,2
3689,2
3693,2
3697,2
3700,2
3701,2
3705,2
3706,2
3707,2
3708,2
3709,2
3710,2
3712,2
3714,2
3716,2
3718,2
3720,2
3721,2
3723,2
3727,2
3731,2
3733,2
3735,2
3737,2
3740,2
3743,2
3744,2
3745,2
3746,2
3748,2
3751,2
4501,2
2,9
4501,9
2,11
2,1439
1440,1439
2,1960
669,1960
1585,1960
1960,1960
1961,1960
3,439
24,439
33,439
34,439
99,439
147,439
422,439
426,439
428,439
431,439
433,439
438,439
439,439
440,439
444,439
446,439
448,439
451,439
452,439
453,439
457,439
459,439
461,439
462,439
463,439
464,439
467,439
468,439
469,439
470,439
472,439
473,439
474,439
476,439
477,439
478,439
4507,439
4509,439
4512,439
4516,439
4521,439
3,479
34,479
428,479
434,479
438,479
462,479
464,479
474,479
479,479
483,479
484,479
487,479
488,479
489,479
490,479
4507,479
4508,479
4512,479
4521,479
4522,479
3,494
27,494
33,494
34,494
147,494
148,494
424,494
427,494
429,494
430,494
431,494
434,494
438,494
446,494
448,494
459,494
462,494
463,494
464,494
468,494
469,494
473,494
476,494
479,494
483,494
495,494
496,494
498,494
500,494
502,494
504,494
505,494
508,494
512,494
515,494
516,494
517,494
520,494
527,494
528,494
529,494
530,494
531,494
532,494
533,494
534,494
535,494
536,494
537,494
539,494
542,494
2502,494
4507,494
4508,494
4510,494
4512,494
4514,494
4532,494
3,546
33,546
34,546
424,546
431,546
438,546
440,546
472,546
476,546
495,546
508,546
512,546
515,546
517,546
520,546
527,546
528,546
529,546
532,546
534,546
535,546
536,546
537,546
542,546
546,546
548,546
550,546
551,546
552,546
553,546
560,546
562,546
564,546
565,546
568,546
569,546
575,546
576,546
577,546
578,546
580,546
582,546
583,546
586,546
587,546
589,546
590,546
593,546
594,546
595,546
596,546
597,546
4507,546
4508,546
4510,546
4512,546
4534,546
4539,546
3,990
431,990
515,990
516,990
611,990
991,990
992,990
993,990
996,990
997,990
998,990
1000,990
1001,990
5,5
3517,5
3606,5
3617,5
3627,5
3647,5
3649,5
3689,5
3793,5
3822,5
3953,5
4168,5
4205,5
4208,5
4261,5
4264,5
4265,5
6,6
10,10
12,12
13,13
16,16
17,16
18,16
20,16
18,93
94,93
95,93
22,22
23,23
24,23
25,23
26,23
27,23
28,23
29,23
30,23
23,330
24,330
25,330
27,330
28,330
29,330
24,422
29,422
33,422
34,422
147,422
422,422
424,422
425,422
426,422
427,422
428,422
429,422
430,422
431,422
433,422
434,422
438,422
4507,422
4508,422
4509,422
4510,422
4512,422
4514,422
4515,422
24,630
29,630
33,630
34,630
147,630
374,630
422,630
431,630
469,630
477,630
617,630
631,630
632,630
633,630
636,630
639,630
640,630
645,630
647,630
649,630
651,630
4507,630
24,652
29,652
33,652
34,652
99,652
147,652
148,652
431,652
453,652
461,652
462,652
472,652
473,652
477,652
500,652
517,652
531,652
631,652
633,652
640,652
645,652
649,652
654,652
656,652
657,652
658,652
659,652
661,652
662,652
663,652
669,652
672,652
673,652
677,652
678,652
680,652
682,652
686,652
687,652
690,652
692,652
4507,652
24,1704
195,1704
431,1704
495,1704
1404,1704
1669,1704
1673,1704
1705,1704
1707,1704
1710,1704
1712,1704
1715,1704
1717,1704
1720,1704
1721,1704
1722,1704
1723,1704
24,1852
172,1852
431,1852
1552,1852
1778,1852
1792,1852
1854,1852
1856,1852
1857,1852
24,1966
147,1966
152,1966
477,1966
1403,1966
1404,1966
1554,1966
1557,1966
1723,1966
1778,1966
1970,1966
1976,1966
1977,1966
1981,1966
24,2471
147,2471
476,2471
477,2471
617,2471
1557,2471
1707,2471
1856,2471
26,701
37,701
39,701
40,701
70,701
152,701
183,701
206,701
263,701
704,701
707,701
708,701
711,701
713,701
714,701
719,701
28,1022
29,1022
374,1022
463,1022
474,1022
1023,1022
1024,1022
1026,1022
1030,1022
1031,1022
29,617
33,617
34,617
147,617
374,617
477,617
496,617
617,617
619,617
624,617
627,617
628,617
4507,617
29,1048
1031,1048
1048,1048
1049,1048
1050,1048
1051,1048
1052,1048
1053,1048
1054,1048
1055,1048
1056,1048
1057,1048
1058,1048
1059,1048
1060,1048
1061,1048
1062,1048
1063,1048
1064,1048
1065,1048
1066,1048
1067,1048
1068,1048
1069,1048
1070,1048
1071,1048
1072,1048
1073,1048
1074,1048
1075,1048
1076,1048
1077,1048
1078,1048
1079,1048
1081,1048
1082,1048
1083,1048
1085,1048
29,1551
99,1551
147,1551
431,1551
477,1551
617,1551
1403,1551
1552,1551
1554,1551
1555,1551
1557,1551
30,107
106,107
107,107
108,107
109,107
30,415
101,415
417,415
31,31
31,336
40,336
60,336
62,336
68,336
160,336
336,336
341,336
344,336
31,720
33,720
36,720
41,720
46,720
60,720
67,720
68,720
72,720
108,720
148,720
183,720
446,720
448,720
587,720
720,720
722,720
723,720
725,720
726,720
728,720
730,720
732,720
734,720
735,720
736,720
738,720
740,720
741,720
742,720
743,720
744,720
751,720
2509,720
2678,720
2682,720
2683,720
2684,720
2685,720
2689,720
2690,720
2691,720
2692,720
2693,720
2694,720
2695,720
2699,720
32,32
33,32
34,32
35,32
36,32
37,32
38,32
39,32
40,32
41,32
42,32
44,32
45,32
46,32
47,32
51,32
53,32
55,32
56,32
60,32
62,32
34,352
36,352
37,352
38,352
39,352
40,352
44,352
46,352
51,352
70,352
114,352
132,352
143,352
144,352
160,352
171,352
183,352
200,352
206,352
242,352
280,352
355,352
359,352
361,352
362,352
363,352
374,352
376,352
378,352
382,352
385,352
389,352
394,352
396,352
406,352
35,756
36,756
37,756
38,756
39,756
40,756
41,756
42,756
45,756
46,756
47,756
51,756
53,756
60,756
70,756
76,756
85,756
102,756
113,756
114,756
115,756
116,756
117,756
118,756
119,756
120,756
121,756
122,756
125,756
126,756
127,756
130,756
131,756
133,756
134,756
135,756
136,756
137,756
138,756
139,756
140,756
141,756
142,756
144,756
149,756
151,756
154,756
155,756
156,756
158,756
159,756
160,756
161,756
162,756
164,756
165,756
166,756
167,756
169,756
178,756
179,756
183,756
185,756
186,756
188,756
190,756
192,756
194,756
198,756
199,756
200,756
206,756
207,756
209,756
213,756
214,756
215,756
220,756
221,756
223,756
226,756
232,756
236,756
237,756
238,756
240,756
241,756
245,756
246,756
247,756
248,756
249,756
250,756
252,756
253,756
254,756
255,756
259,756
263,756
267,756
271,756
273,756
275,756
276,756
277,756
280,756
285,756
293,756
294,756
296,756
315,756
318,756
321,756
419,756
704,756
708,756
713,756
722,756
734,756
736,756
738,756
757,756
771,756
772,756
775,756
777,756
779,756
782,756
784,756
788,756
789,756
799,756
803,756
806,756
810,756
811,756
826,756
838,756
849,756
853,756
854,756
856,756
857,756
858,756
864,756
865,756
868,756
869,756
870,756
872,756
873,756
876,756
878,756
884,756
886,756
887,756
889,756
894,756
896,756
899,756
901,756
928,756
929,756
932,756
935,756
947,756
949,756
955,756
961,756
966,756
2509,756
2693,756
2704,756
2705,756
2709,756
36,113
37,113
38,113
39,113
40,113
51,113
60,113
70,113
74,113
76,113
85,113
102,113
113,113
114,113
115,113
116,113
117,113
118,113
119,113
120,113
121,113
122,113
125,113
126,113
127,113
130,113
131,113
132,113
133,113
134,113
135,113
136,113
137,113
138,113
139,113
140,113
141,113
142,113
143,113
144,113
145,113
147,113
148,113
149,113
151,113
152,113
153,113
154,113
155,113
156,113
157,113
158,113
159,113
160,113
161,113
162,113
164,113
165,113
166,113
167,113
169,113
171,113
172,113
175,113
178,113
179,113
181,113
183,113
184,113
185,113
186,113
188,113
189,113
190,113
191,113
192,113
194,113
195,113
197,113
198,113
199,113
200,113
202,113
204,113
206,113
207,113
209,113
210,113
213,113
214,113
215,113
220,113
221,113
223,113
226,113
229,113
232,113
234,113
235,113
236,113
237,113
238,113
240,113
241,113
242,113
244,113
245,113
246,113
247,113
248,113
249,113
250,113
251,113
252,113
253,113
254,113
255,113
259,113
261,113
263,113
264,113
266,113
267,113
269,113
271,113
273,113
274,113
275,113
276,113
277,113
280,113
285,113
293,113
294,113
296,113
307,113
315,113
318,113
321,113
37,970
38,970
39,970
114,970
143,970
183,970
206,970
242,970
376,970
385,970
704,970
719,970
987,970
2709,970
2712,970
2713,970
2715,970
2716,970
39,73
73,73
74,73
75,73
76,73
77,73
80,73
81,73
83,73
85,73
39,1488
72,1488
80,1488
704,1488
872,1488
1232,1488
1394,1488
1491,1488
1492,1488
1493,1488
1494,1488
1495,1488
1496,1488
1497,1488
1500,1488
1505,1488
1506,1488
1510,1488
1511,1488
1515,1488
1519,1488
1520,1488
1521,1488
1522,1488
1523,1488
1524,1488
1525,1488
1526,1488
1529,1488
1532,1488
1535,1488
1542,1488
1543,1488
1544,1488
1545,1488
4547,1488
39,2446
293,2446
1109,2446
1146,2446
1169,2446
1194,2446
1903,2446
1913,2446
2448,2446
2466,2446
40,98
98,98
99,98
101,98
102,98
104,98
106,98
45,418
406,418
418,418
419,418
60,66
67,66
68,66
69,66
70,66
72,66
68,413
413,413
74,1640
1160,1640
1394,1640
1492,1640
1494,1640
1506,1640
1574,1640
1634,1640
1640,1640
1641,1640
1642,1640
1643,1640
1649,1640
1651,1640
1653,1640
1654,1640
1655,1640
1657,1640
1658,1640
1660,1640
1661,1640
1662,1640
1663,1640
1664,1640
1665,1640
1666,1640
1667,1640
1668,1640
1669,1640
1673,1640
4547,1640
4552,1640
77,1225
1160,1225
1162,1225
1163,1225
1212,1225
1215,1225
1224,1225
1225,1225
1226,1225
1227,1225
1229,1225
1230,1225
1231,1225
1232,1225
1234,1225
1235,1225
1237,1225
1238,1225
1240,1225
1242,1225
1243,1225
1245,1225
1246,1225
1247,1225
1248,1225
1249,1225
1250,1225
1251,1225
1253,1225
1255,1225
1256,1225
1258,1225
1259,1225
1260,1225
1261,1225
1262,1225
1263,1225
1264,1225
1265,1225
1266,1225
1267,1225
1269,1225
1270,1225
1271,1225
1272,1225
1273,1225
1274,1225
1275,1225
1276,1225
1277,1225
1278,1225
1279,1225
1280,1225
1282,1225
1283,1225
1284,1225
1285,1225
1287,1225
1288,1225
1289,1225
1290,1225
1291,1225
1295,1225
1296,1225
1297,1225
1298,1225
1299,1225
1300,1225
1302,1225
1303,1225
1304,1225
1305,1225
1306,1225
1307,1225
1308,1225
1310,1225
1311,1225
1312,1225
1314,1225
1315,1225
1316,1225
1317,1225
1318,1225
1319,1225
1320,1225
1321,1225
1322,1225
1323,1225
1324,1225
1325,1225
1326,1225
1327,1225
1328,1225
1329,1225
1331,1225
1332,1225
1333,1225
1336,1225
1337,1225
1338,1225
1339,1225
1340,1225
1341,1225
1342,1225
1343,1225
1344,1225
1345,1225
1346,1225
1348,1225
1350,1225
1352,1225
1354,1225
1355,1225
1356,1225
1357,1225
1358,1225
1359,1225
1360,1225
1361,1225
1362,1225
1364,1225
1365,1225
1366,1225
1367,1225
1368,1225
1369,1225
1371,1225
1373,1225
1375,1225
1377,1225
1380,1225
1381,1225
1382,1225
1383,1225
1384,1225
1385,1225
1386,1225
1387,1225
1388,1225
1389,1225
1393,1225
1394,1225
2725,1225
4545,1225
4546,1225
77,1824
1162,1824
1240,1824
1251,1824
1264,1824
1274,1824
1275,1824
1277,1824
1279,1824
1287,1824
1304,1824
1310,1824
1318,1824
1333,1824
1338,1824
1339,1824
1343,1824
1361,1824
1364,1824
1393,1824
1394,1824
1492,1824
1628,1824
1829,1824
1833,1824
1837,1824
81,1140
267,1140
1093,1140
1105,1140
1109,1140
1142,1140
1143,1140
1146,1140
1148,1140
1149,1140
1151,1140
1153,1140
83,1562
1163,1562
1251,1562
1307,1562
1321,1562
1322,1562
1337,1562
1356,1562
1369,1562
1373,1562
1394,1562
1565,1562
1570,1562
1574,1562
1575,1562
1576,1562
4545,1562
4550,1562
83,2278
1329,2278
1355,2278
1394,2278
1882,2278
97,97
97,1593
1098,1593
1105,1593
1108,1593
1142,1593
1146,1593
1166,1593
1169,1593
1180,1593
1190,1593
1194,1593
1596,1593
1597,1593
1599,1593
1601,1593
1602,1593
1605,1593
1607,1593
1609,1593
1610,1593
1614,1593
1615,1593
1616,1593
97,1999
267,1999
484,1999
1093,1999
1105,1999
1108,1999
1109,1999
1142,1999
1146,1999
1167,1999
1169,1999
1173,1999
1174,1999
1180,1999
1181,1999
1183,1999
1184,1999
1190,1999
1191,1999
1192,1999
1193,1999
1194,1999
1195,1999
1596,1999
1597,1999
1599,1999
1601,1999
1605,1999
1609,1999
1610,1999
1614,1999
1615,1999
1616,1999
1621,1999
1903,1999
1911,1999
1989,1999
1997,1999
2000,1999
2002,1999
2008,1999
2009,1999
2016,1999
2024,1999
2029,1999
2033,1999
2040,1999
2042,1999
2045,1999
2046,1999
2050,1999
2054,1999
2055,1999
2056,1999
2061,1999
2063,1999
2064,1999
2065,1999
2066,1999
2068,1999
2070,1999
2072,1999
4558,1999
4559,1999
4560,1999
4561,1999
4562,1999
102,1687
1421,1687
1687,1687
1691,1687
112,112
200,1427
1308,1427
1428,1427
1429,1427
1431,1427
267,1173
484,1173
1093,1173
1105,1173
1109,1173
1142,1173
1146,1173
1166,1173
1173,1173
1174,1173
1175,1173
1180,1173
1181,1173
1183,1173
1184,1173
1190,1173
1191,1173
1192,1173
1193,1173
1194,1173
1195,1173
1198,1173
1199,1173
1200,1173
1201,1173
1202,1173
1203,1173
1209,1173
293,1989
1105,1989
1146,1989
1184,1989
1190,1989
1911,1989
1989,1989
1992,1989
1997,1989
329,329
347,347
348,347
349,347
350,347
351,347
385,1589
1265,1589
1457,1589
1590,1589
389,2163
1209,2163
1552,2163
1800,2163
1917,2163
2163,2163
2165,2163
4566,2163
4567,2163
4568,2163
4571,2163
413,1013
473,1013
1005,1013
1008,1013
1010,1013
1015,1013
1017,1013
1019,1013
1020,1013
431,598
446,598
448,598
483,598
516,598
548,598
551,598
552,598
568,598
600,598
602,598
605,598
606,598
609,598
611,598
613,598
614,598
615,598
4540,598
4541,598
431,1402
477,1402
1403,1402
1404,1402
431,1766
649,1766
1421,1766
1705,1766
1710,1766
1720,1766
1721,1766
1768,1766
1769,1766
1770,1766
1771,1766
1773,1766
1774,1766
1775,1766
1776,1766
1777,1766
1778,1766
1780,1766
1781,1766
1783,1766
1784,1766
1786,1766
1787,1766
1792,1766
1793,1766
1794,1766
4556,1766
4557,1766
431,1916
1778,1916
1917,1916
431,2145
434,1032
459,1032
473,1032
686,1032
1005,1032
1008,1032
1009,1032
1010,1032
1012,1032
1015,1032
1034,1032
1040,1032
434,2079
535,2079
1081,2079
1258,2079
1485,2079
2082,2079
434,2151
1227,2151
1383,2151
1413,2151
1934,2151
2152,2151
434,2485
457,2485
462,2485
2468,2485
2486,2485
439,1676
463,1676
528,1676
577,1676
1485,1676
1676,1676
1680,1676
1681,1676
459,1003
1003,1003
1004,1003
1005,1003
1006,1003
1008,1003
1009,1003
1010,1003
1011,1003
1012,1003
463,1484
577,1484
1484,1484
1485,1484
463,1733
577,1733
1485,1733
1676,1733
1735,1733
463,1801
1227,1801
1412,1801
1756,1801
1801,1801
1802,1801
1804,1801
1805,1801
1808,1801
1810,1801
463,1866
535,1866
602,1866
1408,1866
1409,1866
1676,1866
1804,1866
1866,1866
1870,1866
1872,1866
1875,1866
1876,1866
463,2177
577,2177
1484,2177
1485,2177
463,2288
577,2288
594,2288
600,2288
602,2288
1213,2288
1215,2288
1312,2288
1407,2288
1409,2288
1410,2288
1411,2288
1412,2288
1413,2288
1414,2288
1415,2288
1416,2288
1418,2288
1693,2288
1702,2288
1804,2288
1872,2288
1875,2288
1931,2288
1932,2288
1934,2288
1935,2288
1944,2288
2152,2288
2254,2288
2267,2288
2288,2288
2293,2288
2296,2288
2297,2288
2298,2288
2300,2288
2302,2288
2305,2288
2310,2288
2311,2288
2313,2288
2321,2288
2324,2288
2325,2288
2326,2288
2327,2288
2328,2288
2329,2288
2330,2288
2335,2288
2336,2288
2337,2288
2339,2288
2340,2288
2343,2288
2344,2288
2347,2288
2348,2288
2352,2288
2353,2288
2359,2288
2362,2288
2365,2288
2368,2288
2371,2288
2372,2288
2373,2288
2375,2288
2381,2288
463,2443
577,2443
476,2283
605,2283
1787,2283
2285,2283
2287,2283
528,2244
600,2244
602,2244
1407,2244
1408,2244
1409,2244
1412,2244
1414,2244
1702,2244
1804,2244
1870,2244
1872,2244
1875,2244
1876,2244
1944,2244
2249,2244
2254,2244
2267,2244
577,1931
600,1931
1408,1931
1412,1931
1413,1931
1414,1931
1415,1931
1676,1931
1804,1931
1872,1931
1931,1931
1932,1931
1934,1931
1935,1931
1944,1931
589,1164
1143,1164
1166,1164
1167,1164
1168,1164
1169,1164
669,1581
1235,1581
1326,1581
1581,1581
1585,1581
1586,1581
693,693
2528,693
693,694
693,695
693,696
693,697
693,698
693,699
693,700
1034,2219
1970,2219
2219,2219
2221,2219
1044,1044
1045,1044
1046,1044
1047,1044
1086,1086
1087,1087
1088,1087
1089,1087
1090,1087
1091,1087
1088,1093
1092,1093
1093,1093
1097,1093
1098,1093
1088,1117
1092,1117
1101,1117
1089,1114
1090,1114
1116,1114
1091,1129
1098,1129
1101,1129
1092,1092
1093,1099
1098,1099
1101,1099
1102,1099
1098,1120
1101,1120
1108,1120
1116,1120
1121,1120
1122,1120
1098,1137
1102,1132
1108,1132
1111,1132
1132,1132
1133,1132
1104,1104
1105,1104
1107,1104
1108,1104
1109,1104
1110,1104
1111,1104
1112,1104
1105,1902
1142,1902
1146,1902
1169,1902
1181,1902
1184,1902
1190,1902
1194,1902
1599,1902
1614,1902
1903,1902
1911,1902
1913,1902
1915,1902
1107,1126
1108,1126
1128,1126
1109,1922
1142,1922
1167,1922
1175,1922
1181,1922
1614,1922
1894,1922
1138,1138
1139,1138
1159,1159
1160,1159
1162,1159
1163,1159
1160,2094
1162,2094
1163,2094
1232,2094
1234,2094
1253,2094
1261,2094
1262,2094
1267,2094
1270,2094
1272,2094
1273,2094
1275,2094
1282,2094
1285,2094
1290,2094
1298,2094
1300,2094
1304,2094
1307,2094
1315,2094
1316,2094
1317,2094
1319,2094
1322,2094
1323,2094
1324,2094
1327,2094
1331,2094
1332,2094
1337,2094
1344,2094
1346,2094
1348,2094
1358,2094
1359,2094
1361,2094
1365,2094
1373,2094
1377,2094
1380,2094
1381,2094
1384,2094
1882,2094
2094,2094
2105,2094
4545,2094
4546,2094
1160,2187
1251,2187
1270,2187
1274,2187
1287,2187
1319,2187
1322,2187
1325,2187
1361,2187
1373,2187
1565,2187
1833,2187
2196,2187
4545,2187
4546,2187
1163,2224
1393,2224
2226,2224
1170,1170
1171,1170
1172,1170
1170,2075
1172,2075
1435,2075
2072,2075
1170,2420
1171,2420
1172,2420
1218,2420
1219,2420
1320,2420
1748,2420
1955,2420
2420,2420
2424,2420
2425,2420
2426,2420
2427,2420
2428,2420
2429,2420
2436,2420
2437,2420
2440,2420
2441,2420
4574,2420
1172,1218
1218,1218
1219,1218
1220,1218
1211,1211
1212,1211
1212,1951
1256,1951
1212,1956
1256,1956
1213,1213
1215,1213
1216,1213
1217,1213
1213,1444
1222,1444
1230,1444
1249,1444
1250,1444
1265,1444
1284,1444
1336,1444
1382,1444
1387,1444
1452,1444
1457,1444
1459,1444
1460,1444
1213,1693
1289,1693
1296,1693
1386,1693
1693,1693
1702,1693
1213,1812
1306,1812
1382,1812
1693,1812
1702,1812
1816,1812
1213,2227
1219,2227
1226,2227
1435,2227
2231,2227
1215,2271
1398,2271
1693,2271
2271,2271
1219,1747
1435,1747
1748,1747
1222,1222
1223,1222
1224,1222
1223,1396
1382,1396
1396,1396
1397,1396
1398,1396
1225,1624
1280,1624
1316,1624
1319,1624
1325,1624
1345,1624
1393,1624
1394,1624
1624,1624
1626,1624
1628,1624
1634,1624
1226,2147
1354,2147
1226,2492
1431,2492
1227,1756
1756,1756
1227,1758
1227,1890
1227,1988
1227,2074
1235,1896
1326,1896
1440,1896
1585,1896
1235,2089
1326,2089
1440,2089
1237,1463
1289,1463
1296,1463
1303,1463
1305,1463
1308,1463
1314,1463
1320,1463
1342,1463
1360,1463
1367,1463
1429,1463
1431,1463
1472,1463
1237,1760
1314,1760
1386,1760
1431,1760
1242,1550
1250,1765
1255,1433
1434,1433
1256,2496
1260,1820
1324,1820
1357,1820
1289,1946
1296,1946
1429,1946
1296,2202
1438,2202
1303,1750
1367,1750
1386,1750
1429,1750
1751,1750
1308,1395
1308,1423
1360,1423
1367,1423
1312,1901
1320,1637
1435,1637
1639,1637
1328,1919
1381,1919
1921,1919
1344,1796
1492,1796
1494,1796
1798,1796
1800,1796
1360,2235
1431,2235
1443,2235
1585,2235
1961,2235
2237,2235
2238,2235
1373,1674
1675,1674
1375,1891
1892,1891
1893,1891
1894,1891
1381,1882
1882,1882
1884,1882
1382,1998
1394,2498
1634,2498
1665,2498
4547,2498
1407,1407
1408,1407
1409,1407
1410,1407
1411,1407
1412,1407
1413,1407
1414,1407
1415,1407
1416,1407
1418,1407
1420,1420
1421,1420
1428,1759
1431,1441
1443,1441
1431,2173
1960,2173
2176,2173
1434,1621
1621,1621
1434,2146
1434,2150
1435,1435
1435,2085
2086,2085
2087,2085
1436,1436
1438,1436
1481,1481
1481,1620
1482,1482
1483,1482
1482,1885
1886,1885
1687,2233
2233,2233
1702,2181
2181,2181
2184,2181
1740,1740
1741,1740
1742,1742
1743,1742
1744,1742
1746,1742
1748,1953
1953,1953
1955,1953
1895,1895
1958,1958
1959,1958
2157,2157
2159,2157
2162,2162
2205,2205
2206,2205
2207,2205
2208,2205
2209,2205
2211,2205
2212,2205
2213,2205
2215,2205
2216,2205
2233,2418
2418,2418
2468,2468
2469,2468
2470,2468
2480,2480
2481,2481
2482,2481
4575,2481
2484,2484
2497,2497
2501,2501
2501,2678
2678,2678
2680,2678
2681,2678
2503,2503
2503,2634
2503,2636
2510,2636
2518,2636
2503,2980
2607,2980
2729,2980
2900,2980
2981,2980
2982,2980
2984,2980
2985,2980
2986,2980
2987,2980
2988,2980
2990,2980
2991,2980
2992,2980
2993,2980
2994,2980
2995,2980
2996,2980
2997,2980
2998,2980
2999,2980
3000,2980
3001,2980
3002,2980
3003,2980
3005,2980
3006,2980
3007,2980
3008,2980
3009,2980
3010,2980
3013,2980
3014,2980
3016,2980
3017,2980
3018,2980
3019,2980
3020,2980
3021,2980
3022,2980
3023,2980
3024,2980
3025,2980
3026,2980
3027,2980
3028,2980
3029,2980
3031,2980
3032,2980
3033,2980
3034,2980
3036,2980
3037,2980
3038,2980
3039,2980
3040,2980
3041,2980
3042,2980
3043,2980
3045,2980
3046,2980
3047,2980
3048,2980
3049,2980
3050,2980
3051,2980
3052,2980
3054,2980
3055,2980
3056,2980
3059,2980
3060,2980
3061,2980
3062,2980
3063,2980
3064,2980
3065,2980
3066,2980
3067,2980
3070,2980
3071,2980
3072,2980
3073,2980
3074,2980
3075,2980
3078,2980
3079,2980
3081,2980
3082,2980
3083,2980
3084,2980
3085,2980
3086,2980
3088,2980
2504,2504
2505,2504
2504,2544
2506,2506
2507,2506
2508,2506
2506,2951
2951,2951
2953,2951
2954,2951
2955,2951
2956,2951
2958,2951
2509,2509
2510,2509
2509,2519
2509,2527
2509,2529
2529,2529
2509,2536
2537,2536
2538,2536
2509,2540
2509,2562
2563,2562
2509,2564
2525,2564
2564,2564
2509,2574
2525,2574
2509,2584
2525,2584
2572,2584
2587,2584
2509,2590
2509,2591
2525,2591
2587,2591
2509,2619
2620,2619
2621,2619
2509,2631
2509,2652
2525,2652
2509,2718
2718,2718
2719,2718
2722,2718
2723,2718
2724,2718
2509,3106
2529,3106
2583,3106
2596,3106
2734,3106
2900,3106
2951,3106
2994,3106
2996,3106
3006,3106
3014,3106
3017,3106
3024,3106
3026,3106
3031,3106
3034,3106
3043,3106
3045,3106
3051,3106
3063,3106
3071,3106
3086,3106
3089,3106
3105,3106
3106,3106
3107,3106
3108,3106
3109,3106
3110,3106
3112,3106
3114,3106
3115,3106
3116,3106
3117,3106
3118,3106
3119,3106
3120,3106
3121,3106
3122,3106
3123,3106
3124,3106
3125,3106
3127,3106
3128,3106
3129,3106
3130,3106
3131,3106
3132,3106
3133,3106
3134,3106
3135,3106
3136,3106
3138,3106
3139,3106
3140,3106
3141,3106
3142,3106
3143,3106
3144,3106
3145,3106
3146,3106
3147,3106
3148,3106
3149,3106
3151,3106
3152,3106
3153,3106
3154,3106
3155,3106
3156,3106
3157,3106
3158,3106
3159,3106
3160,3106
3161,3106
3162,3106
3163,3106
3164,3106
3165,3106
3166,3106
3167,3106
3169,3106
3171,3106
3172,3106
3173,3106
3174,3106
3176,3106
3177,3106
3180,3106
3181,3106
3183,3106
3184,3106
3185,3106
3186,3106
3187,3106
3188,3106
3189,3106
3190,3106
3192,3106
3193,3106
3194,3106
3195,3106
3196,3106
3197,3106
3199,3106
3200,3106
3201,3106
3203,3106
3204,3106
3205,3106
3206,3106
3208,3106
3209,3106
3210,3106
3212,3106
3213,3106
3214,3106
3218,3106
3219,3106
3220,3106
3221,3106
3222,3106
3224,3106
3225,3106
3226,3106
3227,3106
3229,3106
3230,3106
3231,3106
3232,3106
3233,3106
3234,3106
3236,3106
3238,3106
3240,3106
3242,3106
3246,3106
3247,3106
3249,3106
3250,3106
3251,3106
3252,3106
3253,3106
3255,3106
3256,3106
3257,3106
3258,3106
3261,3106
3262,3106
3264,3106
3265,3106
3267,3106
3269,3106
3270,3106
3272,3106
3273,3106
3275,3106
3276,3106
3277,3106
3278,3106
3283,3106
3284,3106
3286,3106
3288,3106
3289,3106
3291,3106
3293,3106
3295,3106
3296,3106
3297,3106
3300,3106
3301,3106
3302,3106
3303,3106
3304,3106
3305,3106
3306,3106
3307,3106
3308,3106
3310,3106
3311,3106
3312,3106
3313,3106
3314,3106
3315,3106
3316,3106
3319,3106
3320,3106
3323,3106
3326,3106
3327,3106
3328,3106
3331,3106
3332,3106
3333,3106
3334,3106
3337,3106
3338,3106
3341,3106
3343,3106
3344,3106
3348,3106
3349,3106
3350,3106
3351,3106
3352,3106
3353,3106
3354,3106
3356,3106
3357,3106
3359,3106
3360,3106
3361,3106
3362,3106
3363,3106
3364,3106
3367,3106
3369,3106
3370,3106
3371,3106
3372,3106
3373,3106
3376,3106
3379,3106
3380,3106
3381,3106
3382,3106
3390,3106
3393,3106
3394,3106
3396,3106
3400,3106
3401,3106
3402,3106
3405,3106
3406,3106
3407,3106
3408,3106
3409,3106
3411,3106
3412,3106
3415,3106
3416,3106
3418,3106
3420,3106
3421,3106
3422,3106
3423,3106
3424,3106
3425,3106
3426,3106
3427,3106
3431,3106
3435,3106
3436,3106
3437,3106
3438,3106
3439,3106
3440,3106
3441,3106
3442,3106
3443,3106
3445,3106
3446,3106
3447,3106
3448,3106
3450,3106
3451,3106
3454,3106
3456,3106
3457,3106
3459,3106
3460,3106
3462,3106
3463,3106
3465,3106
3466,3106
3467,3106
3471,3106
3472,3106
3473,3106
3474,3106
3475,3106
3476,3106
3477,3106
3478,3106
3481,3106
3483,3106
3486,3106
3488,3106
3491,3106
3492,3106
3493,3106
3494,3106
3496,3106
3497,3106
3498,3106
3500,3106
2510,2571
2572,2571
2510,2668
2511,2511
2512,2511
2513,2511
2514,2511
2515,2511
2511,2670
2513,2555
2555,2555
2556,2555
2557,2555
2558,2555
2559,2555
2513,2605
2605,2605
2606,2605
2607,2605
2608,2605
2609,2605
2610,2605
2514,2736
2736,2736
2737,2736
2739,2736
2740,2736
2741,2736
2742,2736
2743,2736
2514,2884
2555,2884
2667,2884
2737,2884
2741,2884
2743,2884
2750,2884
2751,2884
2752,2884
2755,2884
2791,2884
2820,2884
2836,2884
2875,2884
2876,2884
2880,2884
2886,2884
2887,2884
2889,2884
2891,2884
2892,2884
2895,2884
2899,2884
2900,2884
2905,2884
2909,2884
2516,2516
2517,2517
2517,2532
2517,2548
2517,2602
2517,2615
2517,2616
2517,2617
2517,2635
2517,2647
2517,2654
2518,2518
2518,2533
2518,2649
2520,2520
2521,2520
2520,2531
2520,2542
2543,2542
2520,2550
2534,2550
2551,2550
2520,2594
2520,2614
2520,2630
2520,2641
2551,2641
2641,2641
2644,2641
2520,2655
2520,2657
2534,2657
2657,2657
2658,2657
2660,2657
2661,2657
2522,2522
2523,2522
2522,2534
2534,2534
2522,2625
2534,2625
2522,2639
2523,2639
2522,2665
2534,2665
2522,2673
2671,2673
2524,2524
2524,2570
2524,2599
2524,2622
2622,2622
2525,2525
2525,2579
2567,2579
2579,2579
2583,2579
2525,2600
2529,2595
2529,2632
2633,2632
2534,2541
2534,2598
2537,2577
2537,2624
2539,2539
2539,2561
2539,2613
2539,2627
2545,2545
2546,2546
2547,2546
2549,2549
2567,2567
2568,2567
2567,2612
2567,2618
2568,2669
2569,2569
2572,2589
2573,2573
2573,2604
2576,2576
2578,2578
2587,2603
2588,2588
2596,2596
2597,2597
2605,2803
2736,2803
2791,2803
2795,2803
2797,2803
2805,2803
2808,2803
4705,2803
4706,2803
4858,2803
4859,2803
2605,2810
2811,2810
2812,2810
2813,2810
2814,2810
2815,2810
2816,2810
2817,2810
2818,2810
2605,2938
2736,2938
2795,2938
2805,2938
2808,2938
2813,2938
2814,2938
2818,2938
2862,2938
2941,2938
2944,2938
2606,2727
2728,2727
2729,2727
2730,2727
2732,2727
2629,2629
2648,2648
2650,2650
2651,2650
2650,2664
2656,2656
2657,2962
2667,2667
2667,2744
4618,2744
2667,2745
4705,2745
4706,2745
2667,2764
2739,2764
2667,2766
2737,2766
2768,2766
4619,2766
4705,2766
4706,2766
4818,2766
2667,2780
2748,2780
2752,2780
2754,2780
2780,2780
2782,2780
2783,2780
2784,2780
2785,2780
2786,2780
2788,2780
2791,2780
2792,2780
4706,2780
4852,2780
4853,2780
4854,2780
4855,2780
4856,2780
4858,2780
4859,2780
2667,2793
2736,2793
2791,2793
2795,2793
2797,2793
4776,2793
4855,2793
4858,2793
2667,2848
2671,2671
2677,2677
2678,2963
2964,2963
2965,2963
2967,2963
2969,2963
2734,2734
2735,2735
4585,2735
4586,2735
4587,2735
4588,2735
4589,2735
4590,2735
4591,2735
4592,2735
4594,2735
4595,2735
4596,2735
2735,2851
2835,2851
2849,2851
2854,2851
2855,2851
2856,2851
2740,2746
2741,2746
2748,2746
2749,2746
2750,2746
2751,2746
2752,2746
2753,2746
2754,2746
2740,2872
2748,2872
2749,2872
2750,2872
2751,2872
2753,2872
2754,2872
2769,2872
2838,2872
2875,2872
2876,2872
2880,2872
2742,2910
2743,2910
2748,2910
2750,2910
2753,2910
2754,2910
2780,2910
2788,2910
2913,2910
2750,2836
2751,2836
2836,2836
2837,2836
2838,2836
2841,2836
2755,2755
2756,2755
2757,2755
2758,2755
2759,2755
2760,2755
2761,2755
2762,2755
2763,2755
4600,2755
4698,2755
4734,2755
4751,2755
4775,2755
4776,2755
4777,2755
4778,2755
4780,2755
4781,2755
4782,2755
4783,2755
4785,2755
2755,2831
2756,2831
2833,2831
2834,2831
2835,2831
4600,2831
4734,2831
4968,2831
4970,2831
2755,2842
2769,2842
2844,2842
2845,2842
2847,2842
4547,2842
4600,2842
4730,2842
4751,2842
4883,2842
4979,2842
4980,2842
4982,2842
4985,2842
4986,2842
4988,2842
4990,2842
2769,2769
4591,2769
4594,2769
4829,2769
4831,2769
2770,2770
2771,2770
2772,2770
2773,2770
2774,2770
2775,2770
2776,2770
2777,2770
2778,2770
2779,2770
2777,2798
2798,2798
2799,2798
2800,2798
2801,2798
2791,2857
2805,2857
2813,2857
2815,2857
2818,2857
2857,2857
2860,2857
2861,2857
2862,2857
2865,2857
2866,2857
2819,2819
2820,2819
2821,2819
2822,2819
2823,2819
2824,2819
2825,2819
2826,2819
2827,2819
2828,2819
2819,2919
2821,2919
2822,2919
2824,2919
2825,2919
2827,2919
2899,2919
2919,2919
2922,2919
2925,2919
2927,2919
2928,2919
2929,2919
2931,2919
2932,2919
2933,2919
2934,2919
2935,2919
2937,2919
2829,2829
4567,2829
4568,2829
4673,2829
4676,2829
4678,2829
4916,2829
4917,2829
4920,2829
4921,2829
4922,2829
4923,2829
4925,2829
4926,2829
4928,2829
4932,2829
4935,2829
4946,2829
4947,2829
4948,2829
4949,2829
4953,2829
4954,2829
4955,2829
4957,2829
4958,2829
4959,2829
4964,2829
2834,2868
2868,2868
2870,2868
2871,2868
2849,2849
2850,2849
4995,2849
4996,2849
4997,2849
4998,2849
4999,2849
5000,2849
2949,2949
2950,2949
2953,2975
2975,2975
2970,2970
2971,2971
2972,2972
2973,2973
2974,2973
2973,2978
2978,2978
2977,2977
3016,3089
3034,3089
3089,3089
3090,3089
3091,3089
3092,3089
3093,3089
3096,3089
3097,3089
3098,3089
3099,3089
3100,3089
3101,3101
3102,3101
3104,3101
3105,3101
3501,3501
3502,3501
3503,3501
3504,3501
3505,3501
3506,3501
3507,3501
3508,3501
3509,3501
3510,3501
3511,3501
3512,3501
3513,3501
3514,3501
3515,3501
3501,3825
3510,3825
3516,3825
3547,3825
3554,3825
3565,3825
3612,3825
3625,3825
3735,3825
3825,3825
3826,3825
3827,3825
3831,3825
3833,3825
3834,3825
3835,3825
3838,3825
3839,3825
3840,3825
3842,3825
3845,3825
3846,3825
3847,3825
3502,4143
3506,4143
3507,4143
3513,4143
3514,4143
3535,4143
3545,4143
3553,4143
3556,4143
3558,4143
3561,4143
3565,4143
3573,4143
3578,4143
3581,4143
3582,4143
3597,4143
3612,4143
3616,4143
3623,4143
3625,4143
3634,4143
3643,4143
3649,4143
3735,4143
3765,4143
3782,4143
3788,4143
3807,4143
3808,4143
3809,4143
3826,4143
3827,4143
3833,4143
3834,4143
3840,4143
3888,4143
3900,4143
3924,4143
3934,4143
3938,4143
3994,4143
4097,4143
4136,4143
4143,4143
4145,4143
4146,4143
4148,4143
4150,4143
4151,4143
4160,4143
4163,4143
4164,4143
4165,4143
4168,4143
4169,4143
4170,4143
4173,4143
4176,4143
4179,4143
4182,4143
4192,4143
4196,4143
4203,4143
4205,4143
4207,4143
4208,4143
3502,4401
3506,4401
3508,4401
3509,4401
3539,4401
3554,4401
3555,4401
3560,4401
3565,4401
3576,4401
3581,4401
3616,4401
3625,4401
3635,4401
3681,4401
3684,4401
3721,4401
3731,4401
3740,4401
3825,4401
3827,4401
3834,4401
3838,4401
3842,4401
3845,4401
3896,4401
3923,4401
3977,4401
4176,4401
4196,4401
4291,4401
4331,4401
4390,4401
4412,4401
4414,4401
4422,4401
4423,4401
4432,4401
4434,4401
3506,4351
3516,4351
3525,4351
3563,4351
3566,4351
3572,4351
3576,4351
3581,4351
3584,4351
3585,4351
3595,4351
3598,4351
3600,4351
3601,4351
3606,4351
3609,4351
3613,4351
3617,4351
3618,4351
3624,4351
3626,4351
3631,4351
3644,4351
3650,4351
3676,4351
3683,4351
3701,4351
3712,4351
3718,4351
3740,4351
3744,4351
3745,4351
3746,4351
3818,4351
3856,4351
3926,4351
3948,4351
4028,4351
4352,4351
4365,4351
4377,4351
4389,4351
4390,4351
4392,4351
3509,3860
3513,3860
3515,3860
3519,3860
3523,3860
3526,3860
3535,3860
3540,3860
3547,3860
3555,3860
3562,3860
3563,3860
3571,3860
3573,3860
3578,3860
3591,3860
3594,3860
3599,3860
3602,3860
3606,3860
3612,3860
3617,3860
3623,3860
3627,3860
3648,3860
3672,3860
3676,3860
3710,3860
3718,3860
3733,3860
3763,3860
3764,3860
3765,3860
3766,3860
3770,3860
3775,3860
3782,3860
3786,3860
3788,3860
3791,3860
3793,3860
3805,3860
3812,3860
3818,3860
3822,3860
3825,3860
3846,3860
3847,3860
3860,3860
3861,3860
3864,3860
3867,3860
3868,3860
3869,3860
3872,3860
3873,3860
3878,3860
3879,3860
3880,3860
3881,3860
3883,3860
3884,3860
3886,3860
3887,3860
3888,3860
3889,3860
3890,3860
3891,3860
3892,3860
3893,3860
3894,3860
3895,3860
3896,3860
3900,3860
3901,3860
3902,3860
3904,3860
3906,3860
3907,3860
3908,3860
3909,3860
3910,3860
3912,3860
3913,3860
3914,3860
3917,3860
3918,3860
3919,3860
3920,3860
3921,3860
3922,3860
3923,3860
3924,3860
3926,3860
3928,3860
3934,3860
3936,3860
3937,3860
3938,3860
3940,3860
3941,3860
3942,3860
3943,3860
3944,3860
3945,3860
3946,3860
3947,3860
3948,3860
3950,3860
3951,3860
3953,3860
3954,3860
3956,3860
3957,3860
3959,3860
3960,3860
3961,3860
3962,3860
3963,3860
3964,3860
3965,3860
3966,3860
3967,3860
3968,3860
3969,3860
3971,3860
3972,3860
3973,3860
3974,3860
3975,3860
3976,3860
3977,3860
3978,3860
3979,3860
3983,3860
3984,3860
3986,3860
3988,3860
3989,3860
3990,3860
3991,3860
3992,3860
3993,3860
3994,3860
3995,3860
3996,3860
3997,3860
4000,3860
4001,3860
4002,3860
4003,3860
4004,3860
4005,3860
4006,3860
4007,3860
4008,3860
4009,3860
4010,3860
4011,3860
4012,3860
4013,3860
4014,3860
4015,3860
4016,3860
4017,3860
4018,3860
4019,3860
4020,3860
4021,3860
4022,3860
4023,3860
4024,3860
4025,3860
4027,3860
4028,3860
4029,3860
4032,3860
4033,3860
4036,3860
4037,3860
4038,3860
4039,3860
4040,3860
4042,3860
4043,3860
4044,3860
4045,3860
4046,3860
4048,3860
3509,4073
3531,4073
3554,4073
3567,4073
3581,4073
3583,4073
3594,4073
3606,4073
3612,4073
3620,4073
3623,4073
3630,4073
3643,4073
3647,4073
3650,4073
3659,4073
3701,4073
3718,4073
3723,4073
3740,4073
3752,4073
3775,4073
3777,4073
3797,4073
3822,4073
3867,4073
3896,4073
3917,4073
3920,4073
3941,4073
3944,4073
3976,4073
3977,4073
4003,4073
4009,4073
4029,4073
4040,4073
4073,4073
4074,4073
4078,4073
4079,4073
4083,4073
4084,4073
4092,4073
4097,4073
4099,4073
4100,4073
4103,4073
4107,4073
4108,4073
4109,4073
4116,4073
3514,4291
3556,4291
3581,4291
3889,4291
4148,4291
4291,4291
4294,4291
3516,4125
3545,4125
3580,4125
3782,4125
3791,4125
3792,4125
3804,4125
3808,4125
3809,4125
3810,4125
4125,4125
4131,4125
4134,4125
4135,4125
4136,4125
3517,4066
3606,4066
4066,4066
3518,4239
3524,4239
3602,4239
3634,4239
3752,4239
3924,4239
3934,4239
3967,4239
3972,4239
4027,4239
4241,4239
4242,4239
4246,4239
4249,4239
3518,4459
3522,4459
3578,4459
3614,4459
3624,4459
3638,4459
3639,4459
4464,4459
3522,3848
3525,3848
3526,3848
3530,3848
3534,3848
3609,3848
3626,3848
3642,3848
3671,3848
3856,3848
3523,4140
3770,4140
4141,4140
3524,3752
3752,3752
3531,4440
3957,4440
3972,4440
4108,4440
4242,4440
3534,3771
3538,3771
3550,3771
3562,3771
3572,3771
3573,3771
3672,3771
3673,3771
3775,3771
3777,3771
3535,3858
3769,3858
3539,4298
3545,4298
3547,4298
3592,4298
3786,4298
3788,4298
3791,4298
3792,4298
3807,4298
3887,4298
3962,4298
4019,4298
4028,4298
4042,4298
4298,4298
4311,4298
3541,4467
3610,4467
3631,4467
3646,4467
3650,4467
3676,4467
3708,4467
3718,4467
3723,4467
4078,4467
4350,4467
4474,4467
4476,4467
4477,4467
4478,4467
4481,4467
3547,3793
3591,3793
3606,3793
3687,3793
3793,3793
3797,3793
3798,3793
3799,3793
3800,3793
3802,3793
3548,4483
3710,4483
3825,4483
3826,4483
3869,4483
3872,4483
4051,4483
4143,4483
4146,4483
4150,4483
4483,4483
4486,4483
4487,4483
4489,4483
4490,4483
4491,4483
4492,4483
4499,4483
3558,4314
3563,4314
3631,4314
3650,4314
3723,4314
3767,4314
3768,4314
3769,4314
3845,4314
3888,4314
4013,4314
4078,4314
4108,4314
4150,4314
4223,4314
4229,4314
4315,4314
4322,4314
4326,4314
4328,4314
4331,4314
4332,4314
4338,4314
3559,4445
3590,4445
3606,4445
3627,4445
3649,4445
3797,4445
4099,4445
4196,4445
4261,4445
4288,4445
4389,4445
4423,4445
4448,4445
4457,4445
3569,4234
3595,4234
3701,4234
4235,4234
4237,4234
3571,3781
3572,3781
3619,3781
3781,3781
3782,3781
3785,3781
3786,3781
3787,3781
3788,3781
3789,3781
3791,3781
3792,3781
3583,4210
3599,4210
3693,4210
3720,4210
3802,4210
4215,4210
3585,3754
3635,3754
3681,3754
3697,3754
3700,3754
3709,3754
3721,3754
3727,3754
3731,3754
3592,3803
3607,3803
3782,3803
3792,3803
3799,3803
3803,3803
3804,3803
3805,3803
3807,3803
3808,3803
3809,3803
3810,3803
3812,3803
3814,3803
3606,3821
3821,3821
3822,3821
3824,3821
3606,4281
3617,4281
3649,4281
3797,4281
4099,4281
4208,4281
4281,4281
4282,4281
4283,4281
4288,4281
3610,4339
3718,4339
3723,4339
3869,4339
3922,4339
4073,4339
4074,4339
4078,4339
4326,4339
4340,4339
4344,4339
4350,4339
3631,4216
3676,4216
3708,4216
3718,4216
3912,4216
3938,4216
4078,4216
4150,4216
4173,4216
4217,4216
4221,4216
4223,4216
4224,4216
4225,4216
4226,4216
4229,4216
4231,4216
4232,4216
3649,4395
3652,4395
3824,4395
4018,4395
4261,4395
4400,4395
3679,4049
3763,3763
3764,3763
3765,3763
3766,3763
3767,3763
3768,3763
3769,3769
3770,3769
3769,3817
3770,3817
3789,3817
3818,3817
3769,4274
3888,4274
4020,4274
4038,4274
4039,4274
4040,4274
4141,4274
3818,4253
4253,4253
4254,4253
4255,4253
4257,4253
3883,4069
3919,4069
3984,4069
4072,4069
4501,4506
4503,4503
4507,4507
4552,4813
4567,4630
4568,4630
4603,4630
4623,4630
4630,4630
4631,4630
4633,4630
4634,4630
4635,4630
4636,4630
4637,4630
4638,4630
4642,4630
4643,4630
4644,4630
4646,4630
4647,4630
4649,4630
4650,4630
4651,4630
4652,4630
4653,4630
4654,4630
4655,4630
4657,4630
4658,4630
4661,4630
4662,4630
4663,4630
4664,4630
4665,4630
4666,4630
4667,4630
4668,4630
4670,4630
4671,4630
4672,4630
4673,4630
4674,4630
4675,4630
4568,4676
4673,4676
4676,4676
4678,4676
4568,4686
4597,4686
4578,4578
4579,4578
4580,4578
4581,4578
4582,4578
4583,4578
4583,4802
4599,4802
4742,4802
4747,4802
4748,4802
4584,4584
4584,4699
4584,4825
4584,4851
4595,4729
4596,4729
4600,4729
4701,4729
4729,4729
4730,4729
4731,4729
4733,4729
4734,4729
4736,4729
4738,4729
4740,4729
4741,4729
4742,4729
4743,4729
4744,4729
4745,4729
4747,4729
4748,4729
4749,4729
4750,4729
4751,4729
4755,4729
4757,4729
4759,4729
4762,4729
4768,4729
4771,4729
4772,4729
4773,4729
4595,4832
4596,4832
4600,4832
4741,4832
4748,4832
4751,4832
4832,4832
4835,4832
4838,4832
4596,4627
4627,4627
4596,4791
4712,4791
4734,4791
4791,4791
4793,4791
4794,4791
4796,4791
4597,4597
4598,4598
4599,4598
4600,4598
4601,4601
4602,4601
4601,4624
4601,4680
4601,4682
4601,4689
4689,4689
4601,4693
4601,4702
4601,4707
4622,4707
4707,4707
4708,4707
4709,4707
4710,4707
4711,4707
4712,4707
4713,4707
4714,4707
4716,4707
4717,4707
4718,4707
4720,4707
4721,4707
4601,4726
4601,4728
4601,4790
4601,4809
4601,4810
4626,4810
4601,4819
4601,4826
4601,4871
4601,4872
4601,4873
4601,4876
4601,4887
4601,4889
4601,4894
4601,4895
4601,4912
4601,4972
4601,4994
4603,4603
4604,4604
4605,4604
4606,4604
4607,4604
4608,4604
4609,4604
4610,4604
4611,4604
4612,4604
4613,4604
4614,4604
4615,4604
4616,4604
4617,4604
4618,4604
4619,4604
4620,4604
4614,4846
4626,4846
4808,4846
4846,4846
4849,4846
4622,4622
4623,4623
4625,4625
4626,4626
4627,4885
4671,4700
4671,4822
4822,4822
4823,4822
4684,4684
4685,4685
4691,4691
4691,4814
4691,4915
4692,4692
4694,4694
4695,4695
4698,4695
4698,4965
4698,4967
4701,4701
4701,4727
4703,4703
4704,4704
4704,4722
4704,4898
4774,4898
4717,4977
4718,4909
4909,4909
4724,4724
4724,4913
4730,4976
4748,4788
4774,4774
4774,4891
4789,4789
4807,4807
4808,4808
4808,4812
4808,4966
4820,4820
4820,4863
4820,4865
4820,4867
4820,4914
4820,4993
4821,4821
4821,4861
4821,4890
4821,4897
4827,4827
4827,4862
4849,4874
4874,4874
4860,4860
4864,4864
4864,4911
4882,4882
4883,4882
4884,4882
4888,4888
4896,4896
4904,4904
4905,4904
4906,4904
4907,4904
4908,4904
4974,4974
4975,4974
4992,4992
